{ 
    "name": "jplist",
    "title": "jPList - jQuery Data Grid Controls",
    "description": "jPList is a flexible jQuery plugin for sorting, pagination and filtering of any HTML structure (DIVs, UL/LI, tables, etc).",
    "keywords": [
        "sort",
        "filter",
        "paging",
        "pagination",
        "filtering",
        "list",
        "grid",
		"ascending",
		"descending",
		"autopagination",
		"nodejs",
		"php",
		"mysql",
		"asp.net"
    ],
    "version": "5.1.39",
    "author": {
        "name": "Miriam Zusin",
        "url": "http://jplist.com"
    },
	"licenses": [
		{
		  "type": "MIT",
		  "url": "http://opensource.org/licenses/MIT"
		}
	  ],
    "bugs": "https://github.com/no81no/jplist/issue",
    "homepage": "http://jplist.com",
    "docs": "http://jplist.com",
    "download": "https://github.com/no81no/jplist",
    "dependencies": {
        "jquery": ">=1.7.1"
    }
}
